BUSINESS_CODE,BUSINESS_NAME_S
0101001,家庭裁判所
0101002,会計検査院
0101003,外務省
0101004,環境省
0101005,簡易裁判所
0101006,気象庁
0101007,経済産業省
0101008,検察庁
0101009,公正取引委員会
0101010,公団
0101011,厚生労働省
0101012,高等裁判所
0101013,国会
0101014,国税庁
0101015,国土交通省
0101016,裁判所
0101017,財務省
0101018,社会保険事務所
0101019,職業安定所
0101020,青少年教育施設
0101021,総務省
0101022,地方裁判所
0101023,内閣
0101024,内閣府
0101025,農林水産省
0101026,文部科学省
0101027,法務省
0101999,国政機関関連
0102001,県民相談センター
0102002,都道府県機関
0102003,都道府県事務所
0102004,都道府県庁
0102005,福祉施設・事務所
0102999,都道府県機関関連
0103001,区役所
0103002,市区町村機関
0103003,市民相談センター
0103004,市役所
0103005,町村役場
0103999,市区町村機関関連
0104001,郵便局
0104999,郵便事業関連
0105001,警察機関
0105999,警察機関関連
0106001,消防機関
0106999,消防機関関連
0107001,外国公館
0107002,総領事館
0107003,大使館
0107999,大使・公館関連
0108001,宇宙開発事業
0108002,金融公庫
0108003,公団・事業団・公庫
0108004,厚生年金基金
0108005,国民年金基金
0108006,住宅金融公庫
0108007,住宅公団
0108008,労働保険事務組合
0108999,公団・事業団・公庫関連
0109001,キリスト教教会
0109002,寺院
0109003,その他教会
0109004,神社
0109005,神道教会
0109006,仏教教会
0109999,宗教関連
0110001,農業協同組合
0110999,農業協同組合関連
0111001,生活協同組合
0111999,生活協同組合関連
0112001,漁業協同組合
0112999,漁業協同組合関連
0113001,ＮＰＯ
0113003,リハビリテーション科医療組合・団体
0113004,医師会
0113005,医療組合・団体
0113006,援護団体
0113007,学術団体
0113008,文化学術団体
0113009,環境保護団体
0113010,漁業団体
0113011,共済組合
0113012,教育団体
0113013,啓発団体
0113014,経済組合・団体
0113015,健康保険組合
0113016,互助会
0113017,公共団体
0113018,公社
0113019,公認会計士協会
0113020,行政書士会
0113021,国際親善団体
0113022,司法書士会
0113023,市民団体
0113024,歯科医師会
0113025,事業協同組合
0113026,事業団
0113027,慈善事業団体
0113028,自治会
0113029,自然保護団体
0113030,社会事業団体
0113031,社会生活組合・団体
0113032,社会福祉事業
0113033,社会保険事業団体
0113034,社会保険組合・団体
0113035,社会保険労務士会
0113036,住宅管理組合
0113037,獣医師会
0113038,商工会議所
0113039,商工業協同組合
0113040,商工業団体
0113041,消費者団体
0113042,消費生活センター
0113043,森林組合
0113044,親睦団体
0113045,人間ドック医療組合・団体
0113046,水産加工業協同組合
0113047,政治後援会
0113048,政治団体
0113049,政党
0113050,青色申告会
0113051,青年会議所
0113052,税理士会
0113053,団体・組合
0113054,地域住民団体
0113055,中小企業団体
0113056,土地家屋調査士会
0113057,動物愛護団体
0113058,同業組合
0113059,同業団体
0113060,農業団体
0113061,農林水産組合・団体
0113062,福祉団体
0113063,文化団体
0113064,弁護士会
0113065,奉仕団体
0113066,薬剤師会
0113067,林業団体
0113068,労働組合・団体
0113069,ライオンズクラブ
0113070,ロータリークラブ
0113072,ボランティアグループ
0113073,スポーツ趣味組合
0113075,スポーツ団体
0113999,組合・団体関連
0114001,会館・ホールイベントホール
0114999,公民館・集会場関連
0115001,医学・薬学研究所
0115002,工学研究所
0115003,農学研究所
0115004,理学研究所
0115999,研究所・研修所関連
0116001,ケアハウス
0116003,ケアプラン作成事業老人福祉施設
0116005,デイサービス
0116007,介護相談サービス介護老人保健施設
0116009,更生保護事業
0116010,児童福祉事業
0116011,人間ドック老人福祉施設
0116012,短期入所介護事業
0116018,福祉施設
0116019,福祉事務所
0116021,訪問リハビリテーション
0116022,訪問介護事業
0116023,訪問看護ステーション
0116026,訪問入浴介護
0116028,訪問理美容
0116029,有料老人ホーム
0116032,老人介護支援センター
0116034,老人福祉事業
0116999,福祉施設関連
0117001,公共施設
0117999,公共施設関連
0201001,火力発電所
0201002,原子力発電所
0201003,水力発電所
0201004,電力事業
0201005,風力発電所
0201999,電気事業関連
0202001,ガス事業
0202003,プロパンガス事業
0202004,都市ガス事業
0202005,プロパンガス業・不動産取引
0202999,ガス事業関連
0203002,インターネット関連サービス業
0203004,ポケットベル
0203005,レンタル電話サービス業
0203013,電気通信サービス業
0203999,通信事業関連
0204002,テレビ放送業
0204003,ラジオ放送業
0204005,ケーブルテレビ業
0204007,放送局・放送業
0204008,有線放送・電話業
0204999,放送事業関連
0205002,新聞業
0205003,スポーツ・芸能新聞業
0205999,新聞事業関連
0206001,圧縮ガス充てん業
0206003,電話取引業
0206999,電気・ガス・通信・放送・新聞関連
0301001,外資系銀行
0301002,銀行
0301003,信託銀行
0301999,銀行関連
0302001,信用金庫
0302002,労働金庫
0302003,信用組合
0302999,信用金庫･労働金庫･信用組合関連
0303001,クレジットカード業
0303002,チケット販売・買取業
0303003,補助的金融商品取引業（ゴルフ・リゾート会員権）
0303004,補助的金融商品取引業（ゴルフ会員権）
0303005,補助的金融商品取引業（リゾート会員権）
0303006,外国為替取引業
0303008,質屋
0303009,国内市場商品先物取引業（商品取引所）
0303010,商品投資業
0303012,信用保証機関（信用保証業・身元保証業）
0303014,投資運用業
0303999,クレジット・金融関連
0304001,リース保険業
0304002,火災保険代理店
0304003,海上保険代理店
0304004,簡易保険業
0304005,共済事業
0304008,自動車保険業
0304010,生命保険業
0304012,損害保険業
0304014,不動産取引保険業
0304015,保険代理店
0304016,他保険業
0304999,保険事業関連
0305001,投資家向け支援事業
0305002,金融商品取引業（証券業）
0305003,投資助言･代理業（証券投資顧問業）
0305999,証券事業関連
0401002,ヘリポート
0401003,空港
0401004,空港関連事業
0401007,航空会社
0401009,航空事業
0401010,航空写真測量業
0401999,空港・航空業関連
0402001,港湾運送業
0402004,船舶取引業
0402999,港湾業関連
0403001,遊覧・クルージング
0403003,フェリー・客船（沿海旅客海運業）
0403999,海運業関連
0404001,ケーブルカー業
0404002,ロープウェイ業
0404003,地下鉄道業
0404004,鉄道業
0404005,路面電車
0404999,鉄道・駅関連
0405001,タクシー・ハイヤー業
0405005,観光・貸切バス事業
0405006,空港バス業
0405007,高速バス業
0405008,貸切バス業
0405010,路線バス・乗合バス事業
0405999,バス・タクシー関連
0406001,道路料金所
0406999,道路料金所関連
0407002,バイク便（集配利用運送業）
0407006,運送業
0407014,寝台自動車運送業
0407017,宅配便
0407022,保冷・冷凍運送業
0407999,陸運業関連
0408001,トランクルーム
0408003,冷蔵倉庫業
0408005,冷凍倉庫業
0408999,倉庫業関連
0409001,通関業
0409006,貨物こん包業
0409999,通関業・こん包業関連
0410001,人力車
0410999,交通･運輸･倉庫関連
0501001,内科
0501002,精神科
0501003,神経科
0501004,神経内科
0501005,呼吸器科
0501006,消化器科
0501007,胃腸科
0501008,循環器科
0501009,小児科
0501010,外科
0501011,整形外科
0501012,形成外科
0501013,美容外科
0501014,脳神経外科
0501015,呼吸器外科
0501016,心臓血管外科
0501017,小児外科
0501018,皮膚泌尿器科
0501019,皮膚科
0501020,泌尿器科
0501021,性病科
0501022,肛門科
0501023,産婦人科
0501024,産科
0501025,婦人科
0501026,眼科
0501027,耳鼻咽喉科
0501028,気管食道科
0501029,放射線科
0501030,麻酔科
0501031,心療内科
0501032,アレルギー科
0501033,リウマチ科
0501034,リハビリテーション科
0501035,デイケア
0501036,ドック
0501037,ホスピス
0501228,歯科
0501999,医療機関関連
0502003,動物病院
0502999,動物病院関連
0503001,保健所
0503999,保健所・保健施設関連
0504002,あん摩マッサージ指圧師
0504004,カイロプラクティック・整体
0504007,スポーツトレーナー
0504010,はり師
0504011,ヒーリング
0504016,リフレクソロジー
0504021,他療法
0504025,心理・精神療法
0504031,接骨・柔道整復
0504032,電子・電気療法
0504999,マッサージ・鍼灸・各種療法関連
0505002,漢方薬局
0505003,置き薬
0505004,薬局・調剤薬局
0505005,薬店
0505999,薬局・薬店関連
0506001,臨床検査サービス業
0506002,ＤＮＡ鑑定業
0506999,臨床検査関連
0507001,アイバンク
0507005,介護老人保健施設
0507006,血液センター
0507007,在宅介護サービス業
0507010,歯科技工所
0507011,助産所
0507015,腎臓バンク
0507999,医療・薬・保険衛生関連
0601001,マンション・アパート業
0601008,ウィークリーマンション賃貸業
0601014,学生アパート・マンション下宿
0601019,建物売買土地賃貸業
0601020,建物売買不動産取引業
0601021,貸ビル業
0601024,貸駐車場業
0601031,貸店舗貸事務所
0601033,不動産取引・貸家業
0601999,賃貸関連
0602001,月極駐車場・分譲住宅
0602002,建物売買・貸家業
0602003,貸ビル・分譲住宅
0602004,中古住宅売買業
0602005,注文住宅販売業
0602006,不動産取引・分譲住宅
0602999,住宅関連
0603004,建物売買業
0603009,貸家業
0603010,中古住宅売買・建物売買業
0603012,土地賃貸業
0603015,土地売買業
0603018,土地分譲・不動産取引業
0603019,内装工事・不動産取引業
0603021,不動産取引業
0603024,マンション分譲業
0603027,分譲住宅不動産取引業
0603999,不動産取引関連
0604001,住宅展示場
0604999,展示場関連
0605001,アパート業・トランクルーム業
0605002,建築工事・建売業
0605003,住宅展示場・月極駐車場
0605004,貸会議室
0605005,貸倉庫業
0605007,不動産管理業
0605999,不動産・賃貸・展示場関連
0701001,大学
0701002,短期大学
0701999,大学・大学院関連
0702001,高等学校
0702002,高等専修学校
0702003,高等専門学校
0702999,高校・高専関連
0703001,中学校
0703002,中等教育学校
0703999,中学校関連
0704001,小学校
0704999,小学校関連
0705001,保育園・保育所
0705002,幼稚園
0705999,幼稚園・保育園関連
0706008,各種学校（文化・教養）
0706009,専修・専門学校
0706999,専修･専門学校関連
0707001,家庭教師
0707003,学習塾
0707005,予備校
0707006,幼児教室
0707999,塾・予備校関連
0708001,イタリア語教室
0708003,スペイン語教室
0708005,ロシア語教室
0708008,ドイツ語教室
0708009,英語・各種教室
0708013,フランス語教室
0708014,タイ語教室
0708019,英語教室
0708021,韓国語教室
0708023,日本語教師養成教室
0708024,中国語教室
0708025,ポルトガル語教室
0708029,幼児英語教室
0708999,語学教室関連
0709007,カルチャーセンター
0709018,スポーツ教室
0709019,そろばん教室
0709023,ダンス教室
0709032,パソコン・ワープロ教室
0709035,バレエ教室
0709055,将棋・囲碁教室
0709057,音楽教室
0709062,華道教室
0709065,各種教室（趣味）
0709086,書道教室
0709092,乗馬教室
0709100,茶道教室
0709110,舞踊教室
0709117,幼児教室・各種教室
0709119,洋裁・和裁教室
0709121,料理教室
0709999,カルチャースクール関連
0710001,図書館
0710999,図書館関連
0711001,学校教材関連
0711005,幼児教材関連
0711999,教材関連
0712001,ろう学校
0712002,盲学校
0712003,養護学校
0712004,学童保育所
0712005,マッサージ（あんま）指圧・はり・きゅう学校
0712006,インターナショナルスクール
0712007,コンピュータースクール
0712008,スポーツマネジメント学校
0712014,医療学校
0712015,通信教育
0712016,各種スクール・教室
0712017,各種スクール・教室（ビジネス）
0712021,各種学校
0712999,学校・教室関連
0715001,美術館
0715011,博物館
0715013,科学館
0715017,天文台
0715018,資料館
0715999,美術館・博物館・科学館・資料館関連
0716001,動物園
0716002,サファリパーク
0716008,水族館
0716021,植物園
0716999,動物園・植物園関連
0717005,会館・ホール
0717009,研修センター
0717011,公会堂
0717013,公民館
0717014,市民会館
0717016,児童館
0717999,教育文化施設関連
0801001,カプセルホテル
0801002,ビジネスホテル
0801003,ホテル
0801999,ホテル関連
0802001,ビジネス旅館
0802003,温泉旅館
0802004,割烹旅館
0802007,旅館
0802999,旅館・温泉関連
0803001,コテージ
0803002,ペンション
0803004,宿坊
0803006,民宿
0803999,ペンション・民宿関連
0804001,モーテル
0804002,ラブホテル
0804999,モーテル・ラブホテル関連
0805002,ロッジ
0805003,海の家
0805004,簡保の宿
0805005,公共の宿
0805007,国民宿舎
0805011,保養施設
0805999,保養所・公共宿舎関連
0806004,旅行業
0806005,旅行業者代理業
0806006,宿泊案内所
0806007,宿泊予約
0806999,旅行代理店・宿泊施設予約センター関連
0808001,コンドミニアム
0808002,貸別荘
0808999,コンドミニアム関連
0809001,アウトドアツアーガイド
0809004,観光案内業
0809999,観光関連
0901001,懐石料理店
0901002,割ぽう料理店
0901004,料亭
0901999,割烹・料亭・懐石関連
0902001,すし店
0902002,回転ずし
0902999,寿司関連
0903002,焼肉店
0903999,焼肉関連
0904001,ろばた焼店
0904002,焼鳥店
0904999,焼き鳥・炉端焼き関連
0905002,うどん店
0905004,そば店
0905011,立ち食いそば店
0905999,そば・うどん店関連
0906003,うなぎ料理店
0906005,おでん料理店
0906006,お好み焼き店
0906008,かつ丼店
0906012,しゃぶしゃぶ料理店
0906013,すきやき料理店
0906014,すっぽん料理店
0906017,ちゃんこ料理店
0906019,てんぷら料理店
0906022,とんかつ店
0906024,ふぐ料理店
0906028,モツ鍋店
0906029,もんじゃ焼き店
0906035,甘味処
0906037,牛丼店
0906040,郷土料理店
0906043,串揚げ料理店
0906049,食堂
0906055,鉄板焼店
0906059,日本料理店
0906062,和食レストラン
0906999,日本料理店関連
0907020,ラーメン店
0907999,ラーメン店関連
0908008,中国料理店
0908012,餃子店
0908999,中華料理店関連
0909001,ビストロ
0909002,ブラッスリー
0909003,フランス料理店
0909999,フランス料理店関連
0910001,イタリア料理店
0910999,イタリア料理店関連
0911003,韓国料理店
0911004,朝鮮料理店
0911999,韓国料理店関連
0912026,無国籍料理店
0912999,各国料理店関連
0913004,カレー料理店
0913007,ドライブイン
0913010,ピザ店
0913015,レストラン
0913024,洋食店
0913999,レストラン関連
0914001,アイスクリームショップ
0914002,クレープショップ
0914003,ドーナツショップ
0914004,ハンバーガー店
0914005,ファーストフード店
0914006,フルーツパーラー
0914999,ファーストフード関連
0915001,ファミリーレストラン
0915999,ファミリーレストラン関連
0916003,持帰り弁当業
0916005,宅配ピザ業
0916009,弁当製造業
0916010,料理仕出し業
0916999,仕出し・弁当・宅配関連
0917002,カフェバー
0917007,バー
0917015,居酒屋
0917999,居酒屋・スナック・バー関連
0918001,インターネットカフェ
0918003,和風喫茶店
0918004,カフェ
0918005,カラオケ喫茶
0918008,まんが喫茶
0918010,喫茶店
0918014,ケーキショップ
0918016,コーヒー専門店
0918017,紅茶専門店
0918018,中国茶専門店
0918999,喫茶店・カフェ関連
0919999,飲食店関連
1001001,ゴルフ教室
1001002,ゴルフ場
1001003,ゴルフ練習場
1001999,ゴルフ関連
1002001,オートテニス練習場
1002002,テニスコート
1002003,テニス教室
1002999,テニス関連
1003001,スキー・スノーボード場
1003007,ビーチ
1003009,マリーナ業
1003011,ビーチ・海水浴場関連
1003017,ウォータースポーツクラブ
1003020,ゲートボールクラブ
1003025,アウトドアスポーツクラブ
1003026,スカイスポーツクラブ
1003028,スノースポーツクラブ
1003030,スポーツクラブ
1003041,フィットネスクラブ
1003042,スカイスポーツ
1003048,サッカー場
1003049,スケート場
1003051,オートレース場
1003053,陸上競技場
1003054,野球場
1003061,スポーツ施設提供業
1003069,プール
1003072,武道館
1003073,体育館
1003074,スポーツ施設運営管理業
1003999,スポーツ施設関連
1004001,ゲームセンター
1004999,ゲームセンター関連
1005002,パチンコ・スロット店
1005999,パチンコ店関連
1006002,映画館
1006003,寄席・演芸場
1006004,演劇場
1006006,歌舞伎場
1006007,劇場
1006009,能楽堂
1006999,映画館・劇場関連
1007001,競艇場
1007003,競馬場
1007008,競輪場
1007013,場外馬券・車券売場
1007999,競輪・競馬・競艇・オートレース関連
1008001,カラオケボックス
1008999,カラオケボックス関連
1009001,アミューズメントパーク
1009999,アミューズメント施設関連
1010001,アニマルセラピーサービス
1010002,ブリーダー
1010003,ペット預かり業
1010007,ペットショップ
1010008,ペットホテル業
1010009,ペット関連サービス業
1010012,ペット美容室・ショップ
1010017,ペット霊園・葬儀葬祭
1010999,ペット関連
1011001,プレイガイド
1011999,プレイガイド関連
1012003,ダンスホール
1012004,ダーツ場
1012005,ビリヤード場
1012999,趣味娯楽施設関連
1013002,遊園地
1013004,テーマパーク
1013007,フィールドアスレチック
1013999,遊園地・テーマパーク関連
1014001,公園
1014002,国定公園
1014003,国立公園
1014007,庭園
1014999,公園・庭園関連
1015002,ライブハウス
1015004,ディスコ
1015007,釣り堀り・管理釣り場
1015010,キャンプ場
1015011,釣船業
1015999,レジャー施設関連
1101007,オートバイ買取・販売・修理業
1101009,オートバイ販売業
1101012,オートバイ販売・整備業
1101014,オートバイ部分品小売業
1101016,キャンピングカー販売・修理業
1101027,自転車販売業
1101035,自動車整備用機械工具販売業
1101037,自動車販売業
1101038,自転車小売業
1101040,自動車販売・整備業
1101041,自動車販売・自動車部分品販売業
1101043,自動車（新車）・中古自動車販売業
1101044,自動車販売業（大型車）
1101999,自動車・バイク・自転車販売業関連
1102001,オートバイ整備・修理・中古オートバイ販売業
1102002,オートバイ部分品・中古自動車販売業
1102003,国産車・中古車買取業
1102004,自動車整備・中古車買取業
1102005,中古オートバイ販売業
1102015,中古自転車販売業
1102019,中古車買取・販売業
1102022,中古車販売・自動車整備業
1102023,中古車・自動車販売業
1102999,中古車販売業関連
1103001,オートバイ用部分品・修理・販売業
1103006,自動車中古部品販売業
1103007,カーアクセサリー販売業
1103008,自動車部分品・付属品卸売業
1103012,中古自動車卸売業
1103999,カー用品・部品販売業関連
1104001,カーフィルム施工業
1104002,ポリマー加工業
1104003,キャンピングカー修理業
1104004,レーシングカー整備業
1104007,自転車修理・整備業
1104012,自動車修理・整備業
1104013,自動車修理・清掃業
1104015,自動車整備・自転車販売業
1104016,自動車整備・解体業
1104017,自動車整備・鈑金・塗装業
1104018,自動車中古部品・整備業
1104020,自動車電装品修理業
1104023,自動車内装業
1104027,中古車買取・鈑金・塗装業
1104028,自動車整備業
1104999,自動車修理・整備関連
1105001,自動車洗車業
1105999,洗車・洗車場関連
1106003,駐車場業
1106004,駐輪場業
1106999,駐車場・駐輪場関連
1107001,液化石油ガス（ＬＰＧ）スタンド
1107003,ガソリンスタンド
1107999,ガソリンスタンド関連
1108001,車検代行サービス業
1108002,中古車買取車検代行サービス業
1108003,運転代行サービス業
1108999,代行サービス業関連
1109001,自動車教習所
1109999,自動車教習所関連
1110001,カーリース業
1110002,レンタカー業
1110003,レンタルバイク業
1110999,レンタカー関連
1111001,レッカー車サービス業
1111002,自動車ロードサービス業
1111999,ロードサービス業関連
1112002,モータースポーツショップ
1112003,カート場
1112004,サーキット場
1112005,スポーツカートクラブ
1112006,ダートコース場
1112007,オートバイ卸売業
1112008,オートバイ製造・卸オートバイ買取業
1112010,オートバイ販売・修理業
1112011,オートバイ部品・用品関連卸売業
1112013,カーディテイリングショップ
1112014,フォークリフト整備業
1112016,自転車部分品関連卸売業
1112999,自動車・オートバイ・自転車・ドライブ関連
1201001,オーディオ製品買取業
1201002,オートバイ買取自転車店
1201003,オートバイ部品・用品オートバイ買取業
1201004,おもちゃ買取業
1201008,ピアノ買取業
1201009,ブランド品買取業
1201015,記念切手・コインショップ
1201024,書籍販売取次業
1201025,商社
1201028,贈答品店リサイクルショップ
1201029,中古ＣＤ買取業
1201035,貿易業
1201999,商社・貿易関連
1202035,飲料卸売業
1202043,海産物卸売業
1202048,給食用食品卸売業
1202050,業務用食料品卸売業
1202051,業務用調味料卸売業
1202070,茶卸売業
1202075,氷卸売業
1202077,冷凍水産物製造・卸売業
1202078,冷凍食肉製造・卸売業
1202079,冷凍食品卸売業
1202090,菓子卸売業
1202091,生鮮食品卸売業
1202094,食品加工卸売業
1202095,食料品卸売業
1202097,青果物卸売業
1202099,仲卸業
1202102,水産物卸売業
1202103,小麦粉・穀粉卸売業
1202104,食肉卸売業
1202105,魚市場
1202999,食料品・飲料品卸売業関連
1203001,カー用品卸売業
1203007,自転車卸売業
1203010,自動車卸売業
1203011,自動車卸売・中古車買取業
1203015,自動販売機販売・取扱いサービス業
1203999,カー用品卸売業関連
1204002,スポーツ用品卸売業
1204999,スポーツ用品関連卸売業関連
1205001,ズボン卸売業
1205002,スポーツウェア卸売業
1205003,スカート卸売業
1205004,スカーフ卸売業
1205005,ニット生地卸売業
1205006,衣料卸売業
1205999,衣料関連卸売業関連
1206001,洋品雑貨卸売業
1206002,靴・履物卸売業
1206013,家具製造・卸売業
1206028,ノート・学習帳・事務用品製造・卸売業
1206101,化粧品製造・卸売業
1206102,日用品雑貨製造・卸売業
1206109,寝具類卸売業
1206999,生活雑貨・日用品卸売業関連
1207001,ＯＡ機器卸売業
1207002,ガス機器卸売業
1207003,カラオケ装置卸売業
1207004,コンピューター関連卸売業
1207005,コンピューター・パソコン卸売業
1207006,パチンコ機械卸売業
1207007,テレビ受信機卸売業
1207011,エアコン卸売業
1207012,オーディオ機器卸売業
1207025,電気機械器具・部分品卸売業
1207027,消防用設備用品卸売業
1207030,通信用機械器具卸売業
1207033,電飾照明機械器具卸売業
1207999,電気・事務・設備機器卸売業関連
1208005,医療用品卸売
1208006,圧縮ガス製造・卸売業
1208007,化学工業製品卸売業
1208028,喫茶材料卸売業
1208029,ＣＤ・ＤＶＤ・ビデオ・レコード卸売業
1208033,金属材料卸売業
1208046,クリーニング材料卸売業
1208056,パルプ材卸売業
1208063,光学機械器具卸売業
1208064,工作機械卸売業
1208070,骨とう品卸売業
1208071,香水卸売業
1208086,事務用機械器具卸売業
1208089,宿泊施設関連用品卸売業
1208092,娯楽用品・がん具卸売業
1208101,清掃用機械器具・用品卸売業
1208102,厨房・キッチン用機器・用品卸売業
1208107,宝石卸売業
1208108,刃物製造・卸売業
1208111,ビデオ配給業
1208116,土木建築材料卸売業
1208118,動物用薬品卸売業
1208119,ペット卸売業
1208120,ペット用品卸売業
1208121,火薬卸売業
1208122,家畜卸売業
1208125,石材卸売・石材製造業
1208135,非鉄金属・鉱物製品貿易
1208136,非鉄金属製品卸売業
1208138,観賞魚卸売業
1208139,理容・美容機器・用品卸売業
1208143,薬種卸売・医薬品卸売業
1208146,セラミックス・窯業原料関連卸売業
1208153,生薬卸売業
1208154,ペットフード卸売業
1208999,卸売業関連
1209001,スーパーマーケット
1209002,ディスカウントショップ
1209003,百貨店
1209004,ホームセンター
1209999,デパート・スーパー・ディスカウントショップ関連
1210001,コンビニエンスストア
1210999,コンビニエンスストア関連
1211001,道の駅
1211999,道の駅関連
1212028,パン屋・ベーカリー
1212039,駅弁売店
1212043,スイーツ・菓子小売業
1212044,水産物・海産物卸売業
1212052,乾物小売業
1212057,喫茶材料小売業
1212059,業務用食料品小売業
1212061,健康・自然食品小売業
1212071,食肉小売業
1212073,食料雑貨小売業
1212074,水産加工業
1212075,青果物店・八百屋・果物屋
1212080,鮮魚小売業
1212083,茶小売業
1212085,中華料理材料小売業
1212086,調味料小売業
1212089,豆菓子店
1212091,豆類小売業
1212095,米穀類小売業
1212099,明太子店
1212107,卵・鳥肉小売業
1212110,コーヒー小売業
1212112,牛乳小売業
1212113,飲料小売業
1212114,生ジュース店
1212115,たばこ・喫煙具専門小売店
1212117,酒店・酒屋
1212999,食料品・嗜好品関連
1213016,ベビー・キッズ・マタニティー用品小売業
1213021,衣料品小売業
1213023,下着小売業
1213036,生地商社
1213045,服地商社
1213046,服地小売業
1213055,洋裁店
1213056,洋品店
1213057,洋服店
1213059,和装小物製造・小売業
1213999,衣料関連小売業関連
1214002,化粧品製造・小売業
1214004,化粧品小売業関連
1214005,装身具製造・小売業
1214011,金器・銀器小売業
1214013,宝石小売業
1214018,かさ専門店
1214021,かばん・袋物小売業
1214025,ベルトショップ
1214028,履物小売業
1214029,アジア雑貨店
1214030,アメリカ雑貨販売店
1214031,ガラス工芸品小売業
1214036,工芸品小売業
1214039,ちりめん小売業
1214040,テープ・リボン小売業
1214042,額装・額縁小売業
1214043,手芸店
1214044,西洋人形製造・小売業
1214045,太鼓小売業
1214046,竹工芸品小売業
1214049,美術品小売業
1214062,書画・骨とう品小売業
1214063,やきもの工芸小売業
1214999,民芸品・工芸品小売業関連
1215002,インテリア用品小売業
1215016,家具小売業
1215021,食器製造・小売業
1215027,陶工芸小売業
1215028,日用雑貨小売業
1215056,手芸用品小売業
1215999,インテリア・生活雑貨小売業関連
1216003,教科書小売業
1216004,古本屋
1216008,書店
1216014,文具・事務用品店
1216021,ＣＤ・ＤＶＤ・ビデオ・レコード店
1216024,はんこ店（印鑑・印章・ゴム印）
1216999,書籍・文具小売業関連
1217001,アウトドアショップ
1217005,おもちゃ・玩具店
1217012,ゴルフ用品小売業
1217022,スポーツ用品小売業
1217044,囲碁・将棋用品小売業
1217050,楽器店・楽器小売業
1217058,人形製造・小売業
1217074,切手・コインショップ
1217999,スポーツ用品・趣味用品小売業関連
1218002,AV・オーディオ関連製品小売業
1218003,コンピューターＯＡ機器販売・修理業
1218006,パソコンショップ
1218009,健康機器小売業
1218015,電器店
1218017,電気機械器具小売業
1218999,電気機器・事務機器小売業関連
1219001,カメラ小売業
1219002,カメラ買取業
1219003,事務用機械器具小売業
1219004,時計小売業
1219999,時計・カメラ小売業関連
1220001,ペット小売業
1220005,ペットショップ・用品小売業
1220009,ペット美容室・ペット用品小売業
1220010,ペット保険・ペット用品小売業
1220013,ペット用品販売・ペットホテル
1220019,昆虫小売業
1220999,ペットショップ・関連用品小売業関連
1221001,コンタクトレンズ小売業
1221003,眼鏡小売業
1221999,眼鏡・コンタクトレンズ小売業関連
1222001,知育玩具小売業
1222002,パーティーグッズショップ
1222003,おもちゃ小売業
1222999,おもちゃ小売業関連
1223004,寺院用具仏壇・仏具店
1223010,仏壇・仏具小売業
1223999,仏壇・仏具小売業関連
1224003,ガーデニングショップ
1224005,カタログ小売業
1224012,ポスター・ブロマイド店
1224019,ステンレス製品小売業
1224029,ビリヤードショップ
1224032,１０００円ショップ
1224033,１００円ショップ
1224034,アイデア商品店
1224035,アウトレットショップ
1224038,インターネット通販業
1224040,ミシン小売業
1224042,みやげ品店
1224045,演劇用具・演劇衣装関連
1224047,花環店
1224049,画廊
1224050,介護用品小売業
1224052,楽器商オーディオ製品小売業
1224055,官報販売所
1224056,観葉植物小売業
1224062,金物店
1224069,骨とう品小売業
1224081,植木小売業
1224083,刃物小売業
1224085,生花店
1224088,石油ストーブ小売業
1224090,贈答品小売業
1224093,段ボールテープ・リボン小売業
1224096,茶園
1224097,中古ＣＤ・ＤＶＤ・ビデオ・レコード店
1224100,中古おもちゃ小売業
1224102,中古ゴルフショップ
1224104,中古ブランド品小売業
1224106,中古楽器小売業
1224107,中古品小売業
1224108,通信販売・訪問販売小売業
1224110,塗料小売業
1224113,燃料小売業
1224117,宝くじ売り場
1224126,福祉用自動車・部品・用品小売業
1224128,包装・梱包材料小売業
1224130,毛糸小売業
1224999,小売関連
1301004,美容室・美容院
1301005,理容店
1301999,理容・美容業関連
1302001,インテリアクリーニング業
1302003,クリーニング業
1302004,コインランドリー
1302005,染抜（しみぬき）業
1302006,リネンサプライ業
1302007,洗張業
1302999,クリーニング業関連
1303003,サウナ
1303004,スーパー銭湯
1303005,ソープランド業
1303008,温泉浴場業
1303009,健康ランド
1303010,銭湯業
1303999,浴場・サウナ関連
1304001,アパート管理業
1304002,ビル管理業
1304003,マンション管理業
1304005,警備業
1304007,作業環境測定分析業
1304008,水槽設備保守管理業
1304009,水道衛生設備保守管理業
1304010,電気保安管理・メンテナンス業
1304011,内装工事マンション管理業
1304999,警備・管理業関連
1305001,エアコンクリーニング業
1305002,ガラスふきサービス業
1305005,ごみ埋立業
1305009,ごみ収集運搬業
1305010,し尿収集運搬業
1305011,スクラップ類回収業
1305012,ハウスクリーニング業
1305013,ビルサービス業
1305015,ふとん丸洗いサービス業
1305016,亜鉛・鉛・すずスクラップ回収業
1305018,一般廃棄物処理業
1305019,煙突掃除業
1305020,汚泥処理業
1305021,廃棄物処理業
1305022,機械部分品再生資源リサイクル業
1305030,再生資源リサイクル業
1305031,再生資源卸売業
1305035,産業廃棄物処分業
1305037,工業用水道業
1305040,住宅消毒・害虫駆除サービス業
1305042,浄化槽管理・清掃・メンテナンス業
1305044,寝具消毒・乾燥業
1305045,清掃・メンテナンス業
1305046,船舶廃油収集運搬業
1305049,廃プラスチック処理業
1305051,非鉄金属スクラップ回収・卸売業
1305999,清掃・廃棄物処理業関連
1306001,ＯＡ機器レンタル・リース業
1306002,ウエスレンタル業
1306003,レンタルおしぼり・紙おしぼり関連用品業
1306006,コンテナレンタル・リース業
1306008,モータースポーツショップレンタルカート
1306009,総合リース業
1306011,レンタサイクル業
1306015,レンタルショップ
1306017,レンタルスキー・スノーボード業
1306020,レンタルスペース・貸会場業
1306021,レンタルトイレ
1306023,レンタルビデオ・ＤＶＤ・ＣＤ店
1306028,医療・福祉用具レンタル・リース業
1306031,スポーツ用品賃貸業
1306032,運搬用機械設備レンタル・リース業
1306033,映画用機械レンタル・リース業
1306034,映写機レンタル・リース業
1306036,介護用品レンタル業
1306038,基礎工事用機械リース・レンタル業
1306039,金属工作機械レンタル・リース業
1306041,計測器レンタル・リース業
1306042,建設機械器具レンタル・リース業
1306044,事務用機械器具レンタル・リース業
1306045,自動販売機レンタル・リース業
1306046,おしぼりレンタル・リース業
1306048,娯楽用品賃貸業
1306051,ぞうきんレンタル・リース業
1306052,貸テレビ業
1306053,テントレンタル・リース業
1306055,ふとんレンタル・リース業
1306060,貸モップ業
1306061,ユニホームレンタル・リース業
1306063,貸衣しょう業
1306065,貸花環業
1306066,音楽賃貸業
1306068,植木レンタル・リース業
1306069,清掃具レンタル・リース業
1306071,動物レンタル業
1306073,貸本業
1306075,通信用機械器具レンタル・リース業
1306076,美術品レンタル業
1306077,不動産取引リース業
1306999,レンタル・リース業関連
1307001,ＯＡ機器修理サービス業
1307002,アクセサリー修理業
1307008,玩具修理・おもちゃ病院
1307009,かさ修理業
1307011,ガラス修理業
1307026,めがね修理業
1307030,衣服裁縫修理業
1307033,羽毛製品綿打ち直しサービス業
1307037,家具修理業
1307039,家電修理業
1307040,絵画修復業
1307044,楽器修理業
1307045,機械修理業
1307046,機械刃物研磨業
1307049,金物店スペアキー製作業
1307051,靴修理スペアキー製作業
1307052,靴・下駄修理業
1307053,靴修理・靴店
1307054,かばん修理業
1307056,計量器修理業
1307057,建設機械整備業
1307061,航空機整備業
1307063,産業用設備洗浄業
1307064,時計修理業
1307066,書画修復業
1307068,船舶修理業
1307069,造船・船舶整備業
1307073,刀剣類研磨業
1307074,農器具修理業
1307075,舶用機関修理業
1307076,芸術品・美術品修復業
1307999,修理・整備業関連
1308003,ホームセキュリティサービス業
1308004,マネキン紹介事業
1308008,看護師・家政婦紹介所
1308011,治験支援業
1308012,職業紹介業
1308016,人材紹介所・人材バンク
1308017,人材派遣業
1308019,在宅ワーク・内職あっせん業
1308022,便利屋
1308026,アウトソーシング業務請負業
1308030,代行サービス業
1308999,人材派遣・紹介・代行サービス業関連
1309001,アドバルーン広告業
1309002,インターネット広告業
1309005,クラフトデザイン広告制作業
1309006,コピーライティング業
1309007,コマーシャル制作業
1309008,ちんどん屋
1309011,テレビ・ラジオ広告代理店
1309014,ネオンサイン広告業
1309023,広告制作業
1309024,広告業
1309031,販売促進サービス業
1309999,宣伝・広告業関連
1310001,インターネット調査業
1310002,システムコンサルタント業
1310003,興信所
1310004,市場調査・マーケティング業
1310005,商業施設企画業
1310006,商品検査業
1310008,消防用設備点検・保守業
1310012,水質検査業
1310013,通信社
1310014,保険サービス業
1310017,経営コンサルタント業
1310018,技術コンサルタント業
1310019,建設コンサルタント業
1310020,労働衛生・労働安全コンサルタント業
1310021,補償コンサルタント業
1310999,調査・コンサルタント業関連
1311001,弁護士事務所
1311999,法律・弁護士事務所関連
1312002,経理事務所
1312004,公認会計士事務所
1312005,税理士事務所
1312006,計理・会計士・税理士事務所関連
1312007,司法書士事務所
1312008,行政書士事務所
1312009,建築設計業
1312013,プラント設計・機械設計業
1312018,設計事務所
1312023,太陽電池・電気設計業
1312024,鉄鋼工業機械設計業
1312027,不動産取引・商業施設設計業
1312029,電子回路設計業
1312030,社会保険労務士事務所
1312999,会計士・税理士・専門職関連
1313002,サーカス
1313005,テレビ番組企画・制作プロダクション
1313007,ピアノ教室・調律業
1313008,ピアノ・フルート教室
1313009,ピアノ・絵画教室
1313014,演出家業
1313016,映画フィルム現像業
1313017,映画監督業
1313019,映画制作・配給業
1313021,映像サービス業
1313022,楽団
1313025,歌劇団
1313028,楽器商・ピアノ調律業
1313031,劇団
1313057,声楽家業
1313060,紋章上絵業・紋章店
1313061,紋切業
1313062,工芸作家・工芸デザイナー
1313063,著述家業
1313999,文化・芸能（専門サービス・専門職）関連
1314012,通訳・翻訳業
1314013,翻訳業
1314015,通訳業
1314999,翻訳・通訳（専門サービス・専門職）関連
1315001,スタイリスト・ファッションコーディネーター
1315002,ネイルサロン
1315003,ビューティーアドバイザー
1315004,ヘアデザイナー
1315005,プロポーションメーキング
1315006,日焼けサロン
1315007,エステティックサロン
1315008,育毛業
1315009,着付け業
1315999,理容・美容（専門サービス・専門職）関連
1316001,服飾デザイン業
1316002,技術サービス業
1316003,公証人役場
1316004,弁理士事務所
1316006,アニメーション制作業
1316007,ビルメンテナンス業
1316008,ファイナンシャルプランナー
1316009,フロン回収・処理業
1316011,計量証明業
1316013,出版編集業
1316014,オートレース業
1316015,プロレス協会
1316016,ログハウス設計業
1316018,環境測定分析業
1316019,鑑定士・鑑定業
1316020,額装業
1316021,金属防錆処理加工業
1316022,地質調査業
1316024,子供服仕立業
1316025,着物仕立業
1316026,婦人服仕立業
1316029,海事代理士業
1316031,漆塗装業
1316033,相談サービス業
1316035,速記業
1316036,デザイナー・図案家
1316037,製図サービス業
1316038,中小企業診断士業
1316039,土地家屋調査士事務所
1316043,非破壊検査業
1316044,筆耕サービス業
1316045,品質検査業
1316047,スポーツエージェント業
1316053,商品先物取引業
1316055,ソフトウェア開発業
1316056,ＩＳＯコンサルタント業
1316058,Ｍ＆Ａコンサルタント業
1316999,専門職関連
1317002,テキスタイルデザイン事務所
1317004,写真家・カメラマン
1317007,レコーディングスタジオ
1317012,写真業
1317014,商業デザイン業
1317015,商業デザイン事務所
1317016,製図・コピー・青写真サービス業
1317018,イラストレーター
1317020,インテリアコーディネーター
1317025,デザイン業
1317029,録音サービス業
1317033,ディスプレイ業
1317035,名札・銘板・ネームプレート制作業
1317999,写真・デザイン・装飾・録音デザイン関連
1318001,ネットワークビジネス業
1318002,パソコン・ワープロ入力請負業
1318008,ウェブ制作業
1318010,サーバ運営業
1318011,システムインテグレーター
1318012,ソフトウェアコンサルタント業
1318013,データベースサービス業
1318020,プログラム作成情報処理サービス業
1318021,計算・会計センター
1318022,救急医療情報テレホンサービス業
1318024,情報システム開発業
1318026,情報処理サービス業
1318027,情報提供サービス業
1318999,IT関連産業関連
1319001,パーティー請負業
1319002,結婚式場業
1319003,火葬業
1319004,ウエディング会場
1319005,結婚式場紹介業
1319006,結婚相談業
1319007,斎場
1319009,葬儀・葬祭業
1319012,貸ブライダル衣しょう業
1319013,納骨堂
1319017,墓地管理業
1319018,イベント企画業
1319021,葬儀屋
1319999,冠婚葬祭・イベント関連
1320001,観相・易占い
1320002,タロット占い
1320005,姓名判断
1320011,占い師・祈祷師
1320012,易占い
1320013,観相
1320015,西洋占い
1320018,風水
1320019,占い
1320023,東洋占い
1320999,占い関連
1321004,調教師・訓練師
1321006,ペット美容教室・犬訓練所
1321007,ペット美容室・関連サービス
1321008,ペット・ペット用品小売業
1321009,ペットショップ・ペットホテル
1321999,ペット関連サービス関連
1322002,介護移送支援・相談サービス業
1322006,高齢者生活福祉センター
1322008,在宅配食サービス業
1322009,施設介護サービス業
1322010,軽費老人ホーム
1322012,デイケアケアプラン作成業
1322015,ケアプラン作成・在宅介護サービス業
1322016,訪問介護事業所
1322999,介護関連サービス業関連
1323001,ベビーシッター
1323002,認可外保育施設・ベビーホテル
1323003,児童相談サービス業
1323999,育児関連サービス関連
1324001,レジャー・スポーツ情報提供サービス業
1324002,イベント情報提供サービス業
1324003,ニュース供給業
1324004,医療保健情報提供サービス業
1324005,各種情報提供サービス業
1324006,教育・学校情報提供サービス業
1324008,気象情報提供サービス業
1324009,求人求職情報提供サービス業
1324010,教養情報提供サービス業
1324011,警察・消防・福祉情報提供サービス業
1324012,交通情報提供サービス業
1324014,住宅情報提供サービス業
1324018,暮らし情報提供サービス業
1324999,情報提供サービス関連
1325001,スタンプサービス業
1325002,農業サービス業
1325003,温泉供給・販売業
1325004,信用保証機関（クレジットカード保証・身元保証業）
1325005,差し入れ代行サービス業
1325006,給食調理サービス業
1325007,ダイレクトメールサービス業
1325008,模擬テストサービス業
1325009,綿打直しサービス業
1325011,コインロッカー業
1325012,コピーサービス業
1325013,サンプル配布業
1325014,オフィスコーヒーサービス業
1325016,スペアキー製作・防犯用設備・用品業
1325017,テープ起こし業
1325018,テレマーケティング・コールセンター
1325024,ラッピングサービス業
1325026,害虫駆除サービス業
1325029,自動販売機取扱いサービス業
1325030,起毛織物整理業
1325031,信書便事業
1325035,家事サービス業
1325999,サービス業関連
1401001,ＩＣカード印刷業
1401002,広告印刷サービス業
1401005,カタログ・パンフレット印刷業
1401006,カレンダー印刷業
1401007,グラビア製版業
1401008,グラフィックデザイン印刷業
1401009,シール印刷業
1401010,スクリーン印刷業
1401012,ディスプレイ印刷・サービス業
1401013,はがき印刷業
1401014,パッケージ印刷業
1401015,ビジネスフォーム印刷業
1401016,ラベル・レッテル印刷業
1401017,一般証券印刷業
1401018,印刷業
1401019,印刷サービス業
1401020,金属印刷業
1401021,新聞印刷業
1401022,特殊印刷業
1401023,美術印刷業
1401024,封筒印刷業
1401025,包装印刷業
1401026,包装梱包・機械包装印刷業
1401027,名札・ネームプレート印刷業
1401028,箔押し加工・印刷業
1401029,印刷加工業
1401999,印刷業関連
1402001,海図出版業
1402002,学習参考書・教科書出版業
1402004,学習専門図書出版業
1402005,業界誌・専門誌出版業
1402006,経営専門図書出版業
1402007,建築専門図書出版業
1402008,雑誌出版業
1402009,自然科学専門図書出版業
1402010,音楽出版業
1402011,出版社
1402012,情報誌出版業
1402013,製本業
1402014,各種専門図書出版業
1402015,装丁業
1402016,地図出版業
1402017,編集プロダクション
1402018,タウン情報誌出版業
1402019,写植業
1402999,出版業関連
1403001,ＤＴＰ
1403002,オリジナルＴシャツプリント製造業
1403003,スクリーン製版業
1403004,デジタル製版業
1403005,フレキソ製版業
1403006,印刷・印刷サービス業
1403007,印刷・製本業
1403008,印刷物加工業
1403009,建築材印刷業
1403010,写真製版業
1403011,精密電子部品印刷業
1403012,印刷グラフィックデザイン業
1403013,印刷サービス・印鑑・印章・ゴム印製造業
1403999,印刷・出版関連
1501001,エクステリア工事業
1501002,カッター・コア工事業
1501003,ガラス工事業
1501004,コンクリート工事業
1501005,シャッター据付・工事業
1501006,タイル工事業
1501008,とび工事業
1501009,ひき屋工事業
1501013,ブロック工事業
1501014,建築リフォーム工事業
1501017,煙突工事業
1501018,屋根工事業
1501019,介護リフォーム業
1501020,海事工事業
1501021,外壁工事業
1501022,金属製品塗装業
1501023,型枠大工工事業
1501024,建具加工・工事業
1501025,建設業
1501030,建築検査業
1501031,建築工事業
1501032,建築塗装工事業
1501033,建築板金業
1501034,建売業
1501035,建築物解体工事業
1501036,左官業
1501037,建設・工事業
1501038,生コンクリート土木建築工事業
1501039,石垣築造業
1501041,装飾業
1501042,造園業
1501043,大工工事業
1501044,大工
1501045,地盤改良工事業
1501046,駐車場工事業
1501048,鉄筋工事業
1501050,鉄骨・木造建築工事業
1501051,鉄骨工事業
1501052,塗装業
1501053,一般土木建築工事業
1501055,道路・路面標識工事業
1501056,特殊コンクリート工事業
1501057,内装工事業
1501058,舗装工事業
1501059,防音工事業
1501060,防水工事業
1501063,木造建築工事業
1501999,建設・工事業関連
1502001,アルミ建材関連業
1502002,エクステリア材関連業
1502003,屋根材料業
1502004,温室設備・防犯用設備業
1502005,建具業
1502007,建材業
1502009,建築材業
1502010,合板製造・卸売業
1502011,床材料・加工業
1502012,水道材業
1502013,断熱材業
1502016,土木建築材料・水処理装置整備業
1502017,配管材料業
1502018,壁材料業
1502019,防音材料業
1502020,銘木製造業
1502021,木材・パルプ貿易業
1502999,建設資材業関連
1503001,エレベーター工事業
1503002,ガス工事業
1503005,管工事業
1503006,機械据付工事業
1503007,空調設備工事業
1503008,除雪機・融雪装置製造・整備業
1503009,信号装置製造・整備業
1503010,水処理装置製造・整備業
1503011,水槽設備工事業
1503012,水道衛生工事・保守業
1503013,水道業
1503014,断熱工事業
1503015,築炉工事業
1503016,通信設備工事業
1503017,鉄鋼工業管工事業
1503018,電気設備工事業
1503020,電線工事業
1503021,電話工事業
1503022,塗装工事業
1503023,冷凍設備工事業
1503024,配管工事業
1503999,設備工事業関連
1504001,風呂釜・浴槽リフォーム工事業
1504002,分譲住宅リフォーム工事業
1504003,壁紙工事業
1504004,建築リフォーム業
1504005,冷暖房設備工事業
1504006,オーダーカーテン
1504007,日本びょうぶ等製造業
1504008,畳小売業
1504009,消防用設備・用品・保守点検用品業
1504010,水道金物材料業
1504011,電気器具取付業
1504012,配管・土木建築材料業
1504013,表具業
1504014,表装業
1504015,風呂釜・浴槽ボイラー設備業
1504016,防犯用設備工事業
1504999,住宅設備業関連
1505001,アパート・マンション木材店
1505002,インテリア用品店・リフォーム工事業
1505003,ウェルポイント工事業
1505004,エアコン工事業
1505005,エナメル塗装業
1505006,カーテンウォール工事業
1505007,ガス工業消火設備工事業
1505008,ガス配管工事業
1505009,かやぶき屋根工事業
1505010,かわら屋根工事業
1505011,くい打工事業
1505012,工事業関連
1505013,ゴルフ場工事業
1505014,コンクリート打設工事業
1505015,サウナ設備設計業
1505016,さく井工事業
1505017,さく泉工事業
1505018,シャッター防犯用設備業
1505019,しゅんせつ工事業
1505020,テレビ放送設備工事
1505021,ネオン工事業
1505022,はつり業
1505023,ピアノ調律師・防音工事業
1505027,井戸工事業
1505028,雨どい工事業
1505029,衛生設備工事業
1505030,屋上緑化工事業
1505032,下水道処理施設維持管理業
1505033,火災報知機工事業
1505034,看板製作業
1505035,缶・管工事業
1505036,宮大工
1505037,給排水工事業
1505038,橋りょう工事業
1505039,金属製屋根工事業
1505040,空調設備工事空調機械業
1505041,計装工事業
1505043,管・配管工事業
1505044,建具工事業
1505046,建設揚重業
1505047,建築金物ディスプレイ業
1505048,再生木材業
1505049,自動ドア設置工事業
1505050,室内装飾工事業
1505051,床工事業
1505052,昇降設備工事業
1505054,消防用設備点検・消火設備工事業
1505057,石工工事業
1505058,潜水工事業
1505059,大工・型枠大工工事業
1505060,通信土木工事業
1505061,電気工事業
1505062,電波障害処理業
1505064,道路標識設置工事業
1505065,熱絶縁工事業
1505066,防水・屋根工事業
1505999,建設・工事関連
1601005,きのこ栽培業
1601014,ハーブ園
1601021,穀作サービス業
1601025,ばれいしょ・かんしょ作農業
1601026,温室栽培業
1601028,果樹作・野菜作サービス業
1601029,果樹作サービス業
1601032,野菜作サービス業
1601037,農園・農場
1601038,米作農業
1601039,野菜作農業
1601040,きのこ採取業
1601041,ひき（挽）材業
1601042,育林業
1601043,漆工・漆器業
1601044,製薪炭業
1601045,素材生産・サービス業
1601999,農業・林業関連
1602003,植木職
1602004,植木栽培販売・卸売業
1602005,造園工事業
1602006,苗木店
1602007,盆栽業
1602008,育苗センター
1602009,種苗養殖業
1602010,種苗商
1602013,園芸サービス業
1602014,花き作農業
1602015,園芸用品店
1602999,園芸関連
1603008,さんご養殖・加工業
1603013,養殖業・養殖場
1603014,海苔生産加工業
1603016,海面漁業
1603017,漁業・水産業
1603021,定置網漁業
1603999,水産業関連
1604001,と畜場
1604002,ふ卵業
1604003,家畜業
1604004,家畜人工授精業
1604007,種鶏業
1604008,畜産・畜産類似業
1604011,畜産サービス業
1604012,養鶏業
1604013,養蚕農業
1604014,ウサギ畜産業
1604015,養豚業
1604016,養蜂業・養蜂場
1604017,キジ畜産業
1604018,養鶉業・養鶉場
1604999,畜産業関連
1605005,鉛鉱業
1605006,火山灰採掘業
1605008,鉱業
1605010,オイルタンク貯蔵業
1605011,石油卸売業
1605012,石油開発事業
1605013,石油精製業
1605014,煉炭業
1605999,鉱業・エネルギー関連
1606003,鉱山業
1606008,うるし採取業
1606009,温泉供給業
1606010,真珠養殖業
1606011,脱穀業
1606012,石細工業
1606999,農林・水産・鉱業関連
1701003,エプロン製造業
1701004,シャツ製造業
1701007,製糸業
1701008,外衣製造業
1701009,スカーフ製造業
1701010,スポーツウェア製造業
1701012,ちりめん織製造業
1701014,刺しゅう製造業
1701016,テーラーショップ
1701017,ナイトウェア製造卸売業
1701019,ニット生地製造業
1701020,ニット製品製造業
1701021,ブラウス製造業
1701023,ベビー服製造業
1701025,ワイシャツ製造・卸売業
1701027,衣料製造・卸売業
1701029,下着製造・卸売業
1701030,化学繊維製造・加工業
1701031,化学繊維紡績業
1701032,革ベルト製造業（服装用）
1701033,久留米がすり製造業
1701035,靴下製造業
1701037,手袋製造業
1701039,上田つむぎ製造業
1701040,織物製衣料製造業
1701043,作業用服製造業
1701044,紳士・少年服製造業
1701045,制服製造業
1701046,大島つむぎ製造業
1701047,繊維製品製造業
1701048,博多織製造業
1701050,皮革衣料製造・卸売業
1701051,婦人子供服製造・卸売業
1701053,縫製加工業
1701054,綿織物業
1701055,毛織物業
1701056,毛皮製造業
1701057,シリコーンクロス製造業
1701058,帽子材料製造業
1701059,帽子製造業
1701061,フェルト製造業
1701062,ゴム入織物業
1701064,金銀糸製造・加工業
1701065,絹織物業
1701067,織物業
1701070,生糸製造業
1701071,衣料精錬業
1701072,西陣織製造業
1701073,染色業
1701076,染物業
1701078,麻織物業
1701080,友禅染製造業
1701081,帯製造業
1701085,和装製品製造業
1701999,衣料関連
1702001,シーツ製造業
1702002,ゴムひも製造業
1702003,こたつ掛け毛布製造業
1702005,カーテン製造業
1702008,タオル・手拭い製造業
1702010,衛生マスク製造業
1702012,セロファン袋製造業
1702013,サイジング加工業
1702014,テント・シート製造業
1702015,ハンカチーフ製造業
1702017,ふろしき製造業
1702019,まくら製造業
1702020,意匠紋紙・紋意匠製造業
1702021,麻袋製造業
1702022,織ネーム・マーク製造業
1702025,羽毛成品製造業
1702027,おけ製造業
1702028,かさ製造業
1702032,スリッパ製造業
1702034,たらい製造業
1702035,たる製造業
1702039,びょうぶ製造業
1702040,ブラインド製造業
1702041,ふるい製造業
1702044,ろうそく製造業
1702046,下駄製造業
1702047,果物サンプル製造業
1702050,掛け軸製造業
1702051,記章製造業
1702052,空手用具製造業
1702053,剣道用具製造業
1702054,建具製造業
1702056,漆工芸品製造業
1702058,将棋用品製造業
1702059,畳製造業
1702061,台所用品製造業
1702063,太鼓製造業
1702065,合成皮革加工業
1702066,日用品雑貨製造業
1702067,ざる製造業
1702071,理・美容用品製造業
1702072,たばこ入れ製造業
1702075,うちわ製造業
1702077,サングラス製造業
1702078,すだれ製造業
1702079,ふすま製造業
1702084,ボタン製造業
1702088,化粧品製造業
1702089,折箱・木箱製造業
1702090,家具製造業
1702092,幕旗製造業
1702093,応接セット製造業
1702094,書道用品製造業
1702099,革手袋製造業
1702100,入浴剤製造・販売業
1702101,文具・事務用品製造・卸売業
1702999,生活雑貨･日用品関連
1703003,かばん製造業
1703010,革靴製造・修理業
1703011,スポーツシューズ製造業
1703013,靴材料製造業
1703014,財布製造業
1703015,袋物製造業
1703016,葬具・仏具製造業
1703020,仏壇・仏具店・みこし製造業
1703021,仏壇・仏具製造業
1703022,仏壇製造・仏壇・仏具店
1703028,寺院用具製造・用具店
1703029,三方製造・線香・薫香製造業
1703031,宝石アクセサリー製造業
1703032,宝石加工業
1703035,だるま製造業
1703036,ちょうちん製造業
1703038,のぼり製造業
1703040,みこし製造業
1703043,工芸品製造業
1703045,欄間製造業
1703047,わら工品製造業
1703048,い草製品製造業
1703050,かざり職
1703054,エレキギター製造業
1703055,オーディオ機器製造業
1703063,スポーツ用品製造業
1703064,額縁製造業
1703066,琴製造業
1703067,三味線製造業
1703068,尺八製造業
1703069,人形製造業
1703071,模型製造業
1703072,木型モデル製造業
1703073,ゲーム盤製造業
1703999,趣味雑貨関連
1704006,砂糖製造業
1704014,かつおぶし製造業
1704016,かまぼこ製造業
1704020,かん詰製造業
1704021,こうじ製造業
1704024,こんにゃく製造業
1704026,しみ豆腐製造業
1704027,ジャム・マーマレード製造業
1704029,するめ製造業
1704032,そう（惣）菜製造業
1704034,ソース製造業
1704038,そば粉・そば製造業
1704039,チーズ製造業
1704040,ちくわ製造業
1704044,でんぷん製造業
1704046,とろろこんぶ製造業
1704048,はちみつ加工業
1704049,水産練製品製造業
1704051,パン製造業
1704052,パン製造福祉施設
1704053,パン粉製造業
1704054,瓶詰製造業
1704055,もやし栽培農業
1704057,ゆば製造業
1704058,よせ物製造業
1704059,レトルト食品製造業
1704060,海藻加工業
1704062,わさび漬け製造業
1704064,栄養補助食品製造業
1704065,液卵製造業
1704066,塩魚製造業
1704067,加工卵製造業
1704069,菓子製造業
1704071,乾燥果物製造業
1704072,乾燥野菜製造業
1704073,寒天製造業
1704075,業務用食料品製造業
1704076,健康食品製造業
1704080,自然食品製造業
1704084,食肉加工業
1704085,食品工業
1704086,食用油脂加工業
1704087,食料品製造業
1704088,水産珍味加工品製造業
1704090,精麦業
1704091,精米業
1704093,缶詰製造業
1704094,製氷業
1704095,製粉業
1704096,製めん業
1704098,調味料製造業
1704099,調理パン製造業
1704101,漬物製造業
1704103,豆腐製造業
1704105,豆類製造業
1704106,乳製品製造業
1704110,農業加工業
1704112,梅漬け製造業
1704113,米油製造業
1704115,味付けのり製造業
1704116,もち製造業
1704117,野菜漬物製造業
1704119,揚げかまぼこ製造業
1704122,冷凍食品製造業
1704124,ふ・焼ふ製造業
1704128,ジュース製造業
1704131,ミネラルウォーター製造業
1704132,果実飲料・果実酒製造業
1704137,酒製造業
1704139,清涼飲料製造業
1704142,製茶業
1704144,乳酸菌飲料製造業
1704146,コーヒー製造業
1704999,食料品製造業関連
1705001,たる・おけ製造業
1705002,サッシ製造業（木製）
1705004,まくら木製造業
1705005,ログハウス関連製造業
1705006,はし製造業
1705010,工芸品製造・加工業
1705011,枝炭製造業
1705012,製材業
1705013,竹細工製造業
1705014,木ばし製造業
1705015,木型製造業
1705016,木工業
1705018,木材チップ製造業
1705019,木材薬品処理業
1705021,木製品製造業
1705022,木炭製造業
1705024,木箱製造業
1705025,製紙原料業
1705027,段ボール製造業
1705030,箱製造業
1705034,こうぞ紙製造業
1705037,ふすま紙製造業
1705040,紙加工品製造業
1705041,紙管製造業
1705043,紙器製造業
1705045,紙裁断業
1705047,紙製品製造業
1705050,油紙製造業
1705051,和紙製造業
1705999,木製品・紙・パルプ製品関連
1706001,アスベスト製造業
1706003,ガラス加工品製造業
1706004,ガラス工芸品製造業
1706005,ガラス食器製造・卸売業
1706006,ガラス製造・卸売業
1706007,ガラス繊維・製品製造業
1706009,ガラス容器製造業
1706010,粘土かわら製造業
1706011,かわら製造業
1706012,けいそう土製造・鉱業
1706013,コンクリート製品製造業
1706014,ステンドグラス製造業
1706015,すりガラス製造業
1706016,スレート製造業
1706018,セラミックス製品業
1706019,タイル製造業
1706020,ナプキン製造業
1706022,瓶製造業
1706023,ほうろう製品製造業
1706024,眼鏡用ガラス製造業
1706025,るつぼ製造業
1706026,れんが製造業
1706027,レンズ製造業
1706028,理化学用・医療用ガラス器具製造業
1706030,衛生設備・陶器製造業
1706032,鏡製造業
1706033,研磨材・研磨剤製品製造業
1706034,合わせガラス製造業
1706035,砕石製造業
1706036,七宝焼製造業
1706037,植木鉢製造業
1706038,陶磁器製型・製版業
1706039,人造石材製造業
1706040,人造宝石製造業
1706045,石工品製造業
1706047,耐火粘土鉱業
1706050,陶磁器製タイル・置物製造業
1706051,ベントナイト鉱業
1706052,墓石製造業
1706053,窯炉製造業
1706999,窯業関連
1707001,ダイカスト業
1707002,フランジ継ぎ手製造業
1707003,金属切削加工業
1707004,金属鍛造業
1707005,金属鋳造業
1707006,形鋼製造業
1707007,鋼管製造業
1707008,鋼材製造業
1707009,製鋼製鉄業
1707010,鍛鋼製造業
1707011,鉄鋼業
1707012,鉄・鋼線製造業
1707013,溶接業
1707014,可鍛鋳鉄製造業
1707015,かじ業
1707016,ドラム缶製造業
1707018,鉄鉱業
1707021,南部鉄器製造業
1707022,刀剣鍛造・研磨業
1707999,鉄鋼製品関連
1708001,アルマイト加工業
1708006,すず・亜鉛・鉛関連製造業
1708009,ステンレス製品製造業
1708010,非鉄金属鍛造品製造業
1708012,非鉄金属地小売業
1708014,金銀糸製造業
1708015,アルミニウム製品製造業
1708017,ステンレス製品製造・加工業
1708018,水晶製品業
1708019,はんだ製品製造業
1708020,ピストンリング製造業
1708021,亜鉛鉄板製造業
1708022,伸銅品製造業
1708023,電線製造業
1708024,銅器製品製造業
1708025,銅像・塑像製造業
1708999,非鉄金属製品関連
1709001,やかん製造業
1709002,やすり製造業
1709004,亜鉛鉱業
1709006,鉛製錬・精製業
1709007,押し出しチューブ製造業
1709008,温水器製造業
1709009,家具金物製造卸売業
1709011,機械工業用刃物製造業
1709012,機械部分品熱処理業
1709013,金庫製造業
1709014,金属はく粉製造業
1709015,金属プレス業
1709018,金属圧延業
1709019,金属加工品製造業
1709025,金属彫刻業
1709027,金属熱処理金属鋳造業
1709028,金属表面処理業
1709029,金物類製造業
1709031,金網製造業
1709032,洋食器製造業
1709033,継手製造業（パイプ）
1709034,合金製品製造業
1709035,雑貨製造業（金属製）
1709036,製缶板金業
1709037,電線・ケーブル製造業
1709038,船舶用金具製造業
1709039,鉄骨めっき業
1709040,電気めっき業
1709041,鉄鋼缶製造業
1709042,鉄鋼金属切削加工業
1709043,金属熱処理業
1709044,農業用資材めっき業
1709045,板金製品製造業
1709046,粉末や金製品製造業
1709047,蚕具製造業
1709048,彫刻物製造業
1709049,製鋼業
1709050,鉄骨工業
1709051,溶接業・医療用機器製造業
1709052,溶接業・金属鍛造業
1709053,溶接業・鉄鋼工業
1709054,溶接業・鉄骨工業
1709055,溶接用機械・器具製造業
1709057,ブリキ缶製品製造業
1709059,かばん金具製造業
1709060,くぎ製造業
1709061,チェーン製造業
1709062,ねじ製造業
1709063,金属製スプリング製造業
1709064,ダイカスト業・金属切削加工業
1709065,刃物製造業
1709067,溶融めっき業
1709999,金属製品関連
1710002,アクリル板加工製品製造業
1710003,アドバルーン製造業
1710004,エナメル製造業
1710006,カーボンブラック製造業
1710009,ゴム製造業
1710012,ストロー製造・卸売業
1710013,セルロイド製造業
1710014,タイヤ製造業
1710015,テープ製造業
1710016,ドライアイス製造業
1710017,パッキング・ガスケット製造業
1710020,ビニール製品製造業
1710021,ふっ素樹脂製造業
1710022,プラスチックカード製造業
1710025,プラスチックフィルム製造業
1710028,プラスチック加工・製造業
1710029,プラスチック製造業
1710031,プラスチック製品製造・加工業
1710034,プラスチック素材製造業
1710035,プラスチック発泡製品製造・加工業
1710036,プラスチック製容器製造・加工業
1710037,ヘルメット製造業
1710038,ホース製造業
1710040,ポリウレタン製品製造業
1710041,ポリエチレン製造業
1710043,めっき薬品製造業
1710044,ロープ製造業
1710045,衛生消毒材料製造業
1710046,液晶素子製造業
1710047,液体炭酸ガス製造業
1710048,製塩業
1710049,塩化ビニルフォーム製造業
1710050,塩化ビニル樹脂製造業
1710052,化学工業製品製造業
1710053,化学工業薬品製造業
1710054,化学工業用品製造業
1710056,化学製品製造業
1710057,化学製品貿易業
1710058,化学繊維製造業
1710059,界面活性剤製造業
1710060,核燃料製造業
1710061,乾燥剤製造業
1710062,機械油製造業
1710063,強化プラスチック製品加工業
1710064,強化プラスチック製板製造業
1710065,ゴム製履物製造業
1710066,合成皮革製靴製造業
1710067,研磨材製造業
1710068,工業用ゴム製品製造業
1710069,工業用プラスチック製品加工業
1710070,工業用プラスチック製品製造業
1710071,工業用ベルト製造・加工業
1710072,更生タイヤ製造業
1710073,酵素製造業
1710074,合成ゴム製造業
1710075,合成樹脂塗料製造業
1710076,合成洗剤製造業
1710077,合成皮革製造・加工業
1710078,再生プラスチック製造業
1710079,酸素製造業
1710080,試薬製造業
1710081,自転車タイヤ・チューブ製造業
1710082,潤滑油製造業
1710083,消火器製造業
1710084,消石灰製造業
1710085,浄化槽製造業（強化プラスチック製）
1710086,人工芝製造業
1710087,人工皮革製造業
1710088,石けん製造業
1710089,接着剤製造業
1710090,洗浄剤製造業
1710091,繊維強化プラスチック製造業
1710092,電気・電子用きょう（筺）体製造業
1710093,塗料製造業
1710094,浴槽製造業
1710095,防水材製造・加工業
1710096,プラスチック製容器製造業
1710097,ＣＤ・Ｒ／ＲＷ製造業
1710098,ＤＶＤ・Ｒ／ＲＷ／ＲＡＭ製造業
1710099,ファイバー製造業
1710999,化学・ゴム・プラスチック製品関連
1711001,エアコン製造業（家庭用）
1711002,エアコン製造業（業務用）
1711003,オーディオ製造・卸売業
1711005,オフィス家具製造業
1711006,カラオケ装置・ジュークボックス製造業
1711008,コントロールユニット製造業
1711009,コンピューター・パソコン周辺装置製造業
1711010,コンピューター・パソコン製造業
1711011,コンピューター周辺機器製造業
1711012,シャープペンシル製造業
1711013,スイッチング電源製造業
1711014,スイッチ製造業
1711015,スチール製品事務用機械器具製造業
1711016,ストーブ製造業
1711017,スパナ製造業
1711018,ダイオード製造業
1711019,パチンコ機器製造業
1711020,ハンガー製造業
1711021,ビデオ機器製造業
1711022,ファクシミリ製造業
1711023,プリンター製造業
1711026,モーター製造業
1711027,レジスター製造・加工業
1711028,安全用品製造業
1711029,囲碁用品製造業
1711030,医療用品製造業
1711031,温水洗浄便座製造業
1711032,温度計製造業
1711033,音響部品製造業
1711035,火災警報装置製造業
1711036,換気扇製造業
1711037,看板製造業
1711038,金属プレス製品製造業
1711039,研磨機製造業
1711040,光学レンズ製造業
1711041,試作品モデル製造業
1711043,磁気テープ製造業
1711044,磁石製造業
1711045,自動ドア工事業
1711046,自動制御機器製造業
1711047,床暖房機器製造業
1711048,床板製造業
1711050,浄水装置製造業
1711051,生ごみ処理装置製造業
1711052,太陽電池製造業
1711053,通信機械器具製造業
1711058,電気機械器具製造・卸売業
1711060,電気工業
1711061,電気照明器具製造業
1711062,電気制御機器製造業
1711063,電気絶縁材料製造業
1711064,電気冷蔵庫製造業
1711065,電気炉製造業
1711067,電子応用装置製造業
1711069,電子機器・計測器製造業
1711070,電子部品製造業
1711071,照明機械器具造業
1711072,電池製造業
1711073,特殊モーター電気制御機器製造業
1711074,配電盤製造業
1711075,発電機製造業
1711076,半導体製造装置製造業
1711077,半導体素子製造業
1711078,変圧器類製造業
1711079,編機製造業
1711080,補聴器製造業
1711081,防犯用設備用品製造業
1711082,理化学機械器具電気・電子計測器製造業
1711999,電気機器・事務機器製造・加工業関連
1712001,パイプ・パイプ付属品製造・加工業
1712002,タービン製造業
1712003,デバイス製造業
1712004,ベアリング製造業
1712005,バルブ・コック製造業
1712007,プラスチック加工機械・付属装置製造業
1712008,機械工具商・環境保全装置・資材製造業
1712009,機械工具商・油圧・空圧機器製造業
1712010,機械工具製造・加工業
1712011,機械刃物製造業
1712013,機械部分品製造業
1712015,塗装機械器具製造業
1712016,医療用機械器具製造業
1712018,金型機械工具製造業
1712019,金型製造業
1712021,機械器具製造業
1712022,機械工具製造業
1712027,金属製品製造業
1712029,工作機械製造業
1712031,園芸用機械器具製造業
1712032,鉱山機械製造・整備業
1712034,自転車部分品製造業
1712035,金属切削加工用機械製造業
1712036,空気圧縮機製造業
1712037,作業工具製造業
1712039,金属工作機械・部分品製造業
1712040,林業用機械製造業
1712041,水道材料製造業
1712042,製紙機械製造業
1712043,製図用機械・器具製造業
1712044,測量機械器具製造業
1712045,通信機械器具部品製造業
1712046,金属圧延・線引加工用機械製造業
1712047,金属加工機械・部分品付属品製造業
1712048,電気機械器具部分品製造業
1712049,工業用ベルト製造業
1712050,抜き型製造業
1712052,紡績・紡織機械部品・包装梱包機械製造業
1712053,工業用試験機工作機械製造業
1712054,木工用機械器具製造業
1712056,溶接用機械器具製造業
1712058,ロボット製造業
1712060,油圧機器製造業
1712062,ポンプ装置製造業
1712063,特殊モーター製造業
1712064,農器具製造業
1712065,コンクリートミキサ製造業
1712066,カーエアコン製造業
1712068,ガレージ製造業
1712069,ソーラーシステム製造業
1712070,コインロッカー製造・卸売業
1712071,ボイラ製造業
1712072,複写機製造業
1712073,スチール製品製造業
1712074,ニット機械製造業
1712076,印刷機械製造業
1712077,飲料加工機械製造業
1712078,パン製造機械製造業
1712080,物流運搬設備製造業
1712081,化学機械製造業
1712082,化学機械・装置製造業
1712083,機械工業・工作機械製造業
1712084,機械修理・自動制御機器製造業
1712085,刺しゅう用機械製造業
1712086,レジスター製造業
1712087,業務用洗濯機製造業
1712088,業務用冷蔵庫製造業
1712089,娯楽機械製造業
1712090,娯楽用機械器具製造業
1712091,視聴覚機材製造業
1712092,試験機製造業
1712093,事務用印刷機械製造業
1712094,自動販売機製造業
1712095,公害測定機器製造業
1712097,除雪機製造業
1712098,除草機製造業
1712101,消防用設備用品製造業
1712102,焼却器製造業
1712105,食料品加工機械製造業
1712106,ミシン製造業
1712107,家庭用ポンプ製造業
1712109,菓子製造機器製造業
1712110,厨房用機械器具・焼却炉製造業
1712111,水産加工機械製造業
1712112,水質汚濁防止機器製造業
1712114,制御装置製造業
1712115,生ごみ処理機製造業（家庭用）
1712116,精米機械製造業
1712117,健康機器製造業
1712118,製茶用機械製造業
1712119,製版用機械器具製造業
1712120,製粉機械製造業
1712121,製本機械製造業
1712122,製麺機械製造業
1712123,洗濯機製造業（業務用）
1712124,染色整理仕上機械製造業
1712125,送風機製造業
1712126,窯業機械製造業
1712127,エレベーター・エスカレーター製造業
1712128,暖房装置製造業
1712129,畜産機材製造業
1712130,駐車場機械装置製造業
1712132,陳列ケース製造業
1712133,通報信号装置製造業
1712134,伝動機製造業
1712135,特殊産業用機械製造業
1712136,内燃機関電装品製造業
1712137,紡績機械製造業
1712138,豆腐製造機械製造業
1712139,電話機・携帯電話機製造業
1712140,牛乳加工機械製造業
1712141,自動ドア製造業
1712142,交通信号保安装置製造業
1712143,土木建築用機械製造業
1712145,燃焼機・燃焼装置製造業
1712147,農業用機械製造業
1712149,給排水栓製造業
1712150,クレーン製造業（建設用）
1712151,風力機関製造業
1712153,噴霧器製造業
1712155,包装機械製造業
1712156,帽子製造機械製造業
1712158,計量器包装梱包機械製造業
1712159,建設機械製造・整備業
1712160,建築金物・板金工事業
1712161,建築材料・板金工事業
1712162,防水材製造業
1712163,油脂製品製造業
1712164,遊戯機械製造業
1712165,融雪装置製造業
1712168,空調機械・機器製造業
1712169,冷蔵装置製造業
1712171,冷凍機製造業
1712172,建設用金属製品製造業
1712173,金属扉製造業
1712174,環境保全装置資材業
1712175,精密機械器具製造業
1712176,ガス機器製造業
1712177,ギヤ製造業
1712178,コネクタ製造業
1712179,ふろバーナ製造業
1712180,ラジエータ製造業
1712181,ポンプ製造業
1712182,鍵製造業
1712183,救命具製造業
1712184,事務用機械器具製造業
1712185,光学機械用レンズ製造業
1712186,工業用模型製造業
1712187,蛇口製造業
1712189,電気機械器具製造・修理業
1712191,廃棄物処理機器製造業
1712192,理・美容機械器具製造業
1712193,網製造業
1712194,情報通信機械器具製造業
1712195,醸造用機械器具製造業
1712999,工作機械器具・一般機械器具製造業関連
1713002,オートバイ製造・卸売業
1713004,カー用品製造業
1713005,クレーン整備業
1713006,コンテナ製造業
1713007,シート製造・加工業
1713011,モーターボート製造・マリーナ業
1713013,航空機・部分品製造業
1713014,自転車製造業
1713015,自動車エンジン製造業
1713016,自動車ガラス製造業
1713017,自動車タイヤ製造業
1713019,自動車一般整備業
1713020,自動車車体製造業
1713023,自動車製造業
1713024,自動車部分品製造業
1713028,車両工業・製造業
1713030,消防自動車製造業
1713035,造船業
1713036,鉄鋼工業自動車部品・用品製造業
1713037,鉄道車両・部分品製造業
1713038,舶用工業
1713039,エスカレータ製造業
1713040,エレベータ製造業
1713999,輸送機械器具製造業関連
1714001,ＩＣ製造業
1714004,Ｘ線装置製造業
1714006,カメラ製造・卸売業
1714007,センサ製造業
1714008,はかり製造業
1714009,マイクロ写真機器製造業
1714010,眼鏡用品製造・卸売業
1714011,レーザー治療装置製造業
1714012,レンズ・プリズム製造業
1714013,圧縮空気機関製造業
1714014,圧力計製造業
1714016,医療用機器製造業
1714019,映画用機械・付属品製造業
1714020,液面計等製造業
1714021,遠隔制御装置製造業
1714022,環境測定機器製造業
1714024,教育用機械器具製造業
1714026,計量器製造業
1714027,顕微鏡製造業
1714029,光学器械製造業
1714030,工業用試験機製造業
1714031,視聴覚機材製造・加工業
1714032,歯科用機械器具・材料製造業
1714033,歯車製造業
1714036,時計製造業
1714040,精密機械器具・測量機器製造業
1714041,精密機械器具・木工用機械器具製造業
1714043,電圧計製造業
1714044,電気計測器製造業
1714046,動力ポンプ製造業
1714048,分析機器・理化学機械器具製造業
1714050,防犯カメラ製造業
1714051,理化学機械器具製造業
1714999,精密機械器具製造業関連
1715001,ケーブル製造業
1715002,ＣＤ・レコード制作業
1715003,液化ガス製造業
1715005,アスファルトブロック製造業
1715006,アミューズメント機器製造業
1715007,イオン交換樹脂製造業
1715008,インキ製造業
1715009,むしろ製造業
1715010,うわ（釉）薬製造業
1715011,オペラグラス製造業
1715015,紡績業
1715016,幕製造業
1715017,カード製造業
1715019,ガス製造工場
1715022,ガレージ設置加工業
1715025,ケース製造業
1715027,コンクリート製品製造・加工業
1715028,指物業
1715029,スポーツ用品製造・卸売業
1715031,たばこ製造業
1715032,つばき油製造業
1715033,つや出し剤製造業
1715034,デザインモデル製造業
1715037,ねじ製造・めっき加工業
1715038,のこ刃製造業
1715039,はえとり紙製造・販売業
1715040,はく製製造・加工業
1715042,はんだ製造業
1715043,ビリヤード用品製造業
1715047,ペット用品製造業
1715049,船舶製造業
1715051,マネキン人形製造業
1715052,マージャンパイ製造業
1715054,ろう製造業
1715055,網・ロープ製造業
1715056,圧縮酸素製造業
1715057,安全用品・機器製造業
1715059,医薬品製剤製造業
1715061,永久磁石製造業
1715063,栓各種製造業
1715064,火薬類製造業
1715067,荷札製造業
1715069,介護用品製造業
1715070,懐炉灰製造業
1715071,楽器製造業
1715072,乾燥剤製造・加工業
1715073,漢方製剤製造業
1715074,看板書き業
1715077,記章・バッジ製造業
1715078,義眼製造業
1715079,義肢・義足製造業
1715080,喫煙具製造業
1715082,漁具製造業
1715083,漁網製造業
1715084,研磨加工業
1715085,工業用マスク製造業
1715086,香料製造業
1715087,黒板製造業
1715090,配合・単体飼料製造業
1715091,革製首輪製造業
1715092,集成材製造業
1715094,家庭用浄水器製造業
1715095,食品サンプル製造業
1715096,食品添加物製造業
1715098,生ゴム製造業
1715099,医薬品原薬・製剤製造業
1715102,石材製造業
1715107,接着剤製造・加工業
1715108,染料製造業
1715109,造花製造業
1715112,耐火れんが製造業
1715116,釣具製造・卸売業
1715118,鉄骨製造業
1715119,塗料製造・卸売業
1715122,馬具製造業
1715123,配管材料製造業
1715124,白炭製造業
1715125,板ガラス製造・加工業
1715127,皮革製品製造業
1715128,肥料製造業
1715130,標識機製造業
1715131,敷石製造業
1715132,武道具製造業
1715133,舞台製作業
1715135,福祉用品製造業
1715136,墓石・みこし製造業
1715137,鋳造模型製造業
1715138,かつら製造業
1715140,油脂製品業
1715143,幼児用乗物製造業
1715144,養殖用資材製造業
1715150,原子・核燃料加工業
1715151,ソーラーシステム・太陽光発電製造業
1715152,たんす製造業
1715154,がん具製造業
1715157,眼鏡製造業
1715159,神具製造業
1715162,仮面制作業
1715163,ガス器具製造業
1715999,製造業関連
